{"cameraMode":{"drawMode":0,"name":"Shaded","section":"Shading Mode"},"sceneLighting":true,"audioPlay":true,"sceneViewState":{"m_AlwaysRefresh":false,"showFog":true,"showSkybox":true,"showFlares":true,"showImageEffects":true,"showParticleSystems":true,"showVisualEffectGraphs":true,"m_FxEnabled":true},"in2DMode":false,"pivot":{"x":0.2835436761379242,"y":2.8393795490264894,"z":-0.6741421818733215},"rotation":{"x":-0.22081859409809113,"y":0.26159459352493288,"z":-0.06161242723464966,"w":-0.937559187412262},"size":2.0660252571105959,"orthographic":false}