{"cameraMode":{"drawMode":0,"name":"Shaded","section":"Shading Mode"},"sceneLighting":true,"audioPlay":false,"sceneViewState":{"m_AlwaysRefresh":false,"showFog":true,"showSkybox":true,"showFlares":true,"showImageEffects":true,"showParticleSystems":true,"showVisualEffectGraphs":true,"m_FxEnabled":true},"in2DMode":false,"pivot":{"x":-1.7475261688232422,"y":-3.586193084716797,"z":-7.120044708251953},"rotation":{"x":0.049883145838975909,"y":-0.9495416879653931,"z":0.23538848757743836,"w":0.20119087398052216},"size":10.240304946899414,"orthographic":false}